26016425;41.16468;-8.647214;-0.1509224;0.7184591
26016427;41.1642;-8.648056;-0.1509371;0.7184507
26016429;41.16359;-8.648691;-0.1509481;0.7184401
26016432;41.1629;-8.648995;-0.1509534;0.7184281
26016442;41.15879;-8.647492;-0.1509272;0.7183564
26016443;41.1571;-8.646398;-0.1509081;0.7183269
26016444;41.15718;-8.646188;-0.1509044;0.7183284
26016445;41.15662;-8.646092;-0.1509028;0.7183185
26016446;41.15672;-8.645885;-0.1508992;0.7183203
26016448;41.15609;-8.645601;-0.1508942;0.7183093
26016460;41.15124;-8.641754;-0.1508271;0.7182246
26016455;41.15222;-8.643554;-0.1508585;0.7182418
26016456;41.15234;-8.643374;-0.1508553;0.7182438
26016431;41.16296;-8.649179;-0.1509567;0.7184293
26016437;41.16112;-8.649332;-0.1509593;0.718397
26016423;41.16586;-8.64447;-0.1508745;0.7184797
26016450;41.15383;-8.644693;-0.1508784;0.7182699
26016451;41.15322;-8.644477;-0.1508746;0.7182593
26016452;41.15326;-8.644324;-0.1508719;0.7182599
26016440;41.16;-8.648518;-0.1509451;0.7183776
26016441;41.15867;-8.647618;-0.1509294;0.7183543
111452220;41.14884;-8.654018;-0.1510411;0.7181828
111460002;41.15064;-8.640581;-0.1508066;0.7182142
111461652;41.15078;-8.640421;-0.1508038;0.7182165
111461655;41.15094;-8.640169;-0.1507994;0.7182193
111461663;41.15098;-8.636499;-0.1507353;0.7182201
111462213;41.14993;-8.638646;-0.1507728;0.7182018
111462217;41.14967;-8.639376;-0.1507856;0.7181972
111462218;41.14949;-8.639994;-0.1507963;0.7181942
111463991;41.1494;-8.640449;-0.1508043;0.7181925
111464001;41.15005;-8.643959;-0.1508655;0.7182039
111463993;41.14929;-8.641654;-0.1508253;0.7181906
111463996;41.14942;-8.642641;-0.1508425;0.7181928
111464003;41.15031;-8.644239;-0.1508704;0.7182085
111465590;41.15063;-8.6446;-0.1508767;0.7182139
126397456;41.1564;-8.645558;-0.1508935;0.7183146
126397457;41.15573;-8.645361;-0.15089;0.718303
126397454;41.1567;-8.645684;-0.1508957;0.71832
126398059;41.15636;-8.645721;-0.1508963;0.718314
126401364;41.15725;-8.64543;-0.1508912;0.7183296
126401368;41.15738;-8.64547;-0.1508919;0.7183317
126401818;41.15744;-8.645296;-0.1508889;0.7183328
126402750;41.15728;-8.64551;-0.1508926;0.7183301
126402745;41.15718;-8.645953;-0.1509003;0.7183283
126402746;41.15715;-8.645876;-0.150899;0.7183278
126402747;41.15714;-8.645756;-0.1508969;0.7183275
126402748;41.15718;-8.645627;-0.1508947;0.7183282
126402749;41.15723;-8.64555;-0.1508933;0.7183291
126402849;41.15805;-8.646906;-0.150917;0.7183434
126580884;41.16442;-8.647696;-0.1509308;0.7184548
126581914;41.16391;-8.648382;-0.1509427;0.7184458
126581915;41.16332;-8.648923;-0.1509522;0.7184355
126582084;41.16319;-8.648786;-0.1509498;0.7184331
129665115;41.15023;-8.656201;-0.1510792;0.718207
129665117;41.14997;-8.655927;-0.1510744;0.7182025
129665118;41.14983;-8.655583;-0.1510684;0.7182
129665120;41.14966;-8.655137;-0.1510606;0.7181971
129665121;41.14951;-8.654768;-0.1510542;0.7181944
129665123;41.14928;-8.654382;-0.1510475;0.7181904
129665124;41.14912;-8.65421;-0.1510445;0.7181876
129667169;41.14931;-8.65397;-0.1510403;0.718191
129667170;41.14968;-8.654365;-0.1510472;0.7181974
129667171;41.14994;-8.654708;-0.1510531;0.7182019
129667173;41.15002;-8.655025;-0.1510587;0.7182034
129667174;41.1501;-8.655498;-0.1510669;0.7182047
129667178;41.15076;-8.656227;-0.1510797;0.7182162
129676697;41.15121;-8.656519;-0.1510848;0.7182242
129679647;41.15097;-8.656253;-0.1510801;0.7182199
129692087;41.15599;-8.648502;-0.1509448;0.7183076
129692090;41.15581;-8.648459;-0.1509441;0.7183043
479183169;41.15185;-8.64174;-0.1508268;0.7182353
479183080;41.15128;-8.639481;-0.1507874;0.7182254
1236473138;41.14982;-8.642932;-0.1508476;0.7181998
1236473140;41.14955;-8.642186;-0.1508346;0.7181951
1236473142;41.14978;-8.642901;-0.1508471;0.7181991
1236473146;41.14948;-8.641056;-0.1508149;0.7181939
1236473147;41.14946;-8.641431;-0.1508214;0.7181937
1236473144;41.14948;-8.641657;-0.1508254;0.7181938
1236473149;41.14959;-8.642458;-0.1508393;0.7181957
1236473152;41.14955;-8.640627;-0.1508074;0.7181951
126398316;41.15624;-8.645886;-0.1508992;0.7183118
26016447;41.15611;-8.645827;-0.1508982;0.7183096
479185312;41.1496;-8.640527;-0.1508056;0.718196
479185140;41.15039;-8.63808;-0.1507629;0.7182098
479185282;41.14976;-8.64045;-0.1508043;0.7181988
297880374;41.14901;-8.649076;-0.1509549;0.7181858
297880376;41.14965;-8.649138;-0.1509559;0.7181968
297880380;41.15065;-8.649027;-0.150954;0.7182143
297880381;41.15077;-8.649027;-0.150954;0.7182165
297880382;41.15097;-8.649422;-0.1509609;0.71822
297880386;41.15166;-8.649484;-0.150962;0.718232
297880388;41.15239;-8.649208;-0.1509572;0.7182447
297880378;41.15011;-8.649054;-0.1509545;0.7182049
297880379;41.1504;-8.649059;-0.1509546;0.71821
297880383;41.15117;-8.649824;-0.1509679;0.7182234
297880385;41.15128;-8.64971;-0.1509659;0.7182254
297880392;41.15286;-8.648581;-0.1509462;0.718253
311889364;41.15707;-8.637802;-0.1507581;0.7183264
311889581;41.15776;-8.644985;-0.1508835;0.7183384
314028302;41.15561;-8.66002;-0.1511459;0.7183008
314040692;41.15509;-8.661334;-0.1511688;0.7182919
314043899;41.15741;-8.66028;-0.1511504;0.7183322
314074580;41.15496;-8.650378;-0.1509776;0.7182896
314074581;41.15508;-8.650396;-0.1509779;0.7182916
314074583;41.15519;-8.650481;-0.1509794;0.7182936
314074584;41.15538;-8.650645;-0.1509822;0.7182969
314074585;41.15548;-8.650714;-0.1509834;0.7182987
314074587;41.15562;-8.6508;-0.1509849;0.718301
314074588;41.15583;-8.65092;-0.150987;0.7183048
314074590;41.15603;-8.651229;-0.1509924;0.7183083
314074591;41.15624;-8.651426;-0.1509959;0.7183118
314074592;41.15642;-8.651555;-0.1509981;0.718315
314074594;41.15672;-8.651743;-0.1510014;0.7183202
314074595;41.15699;-8.651924;-0.1510046;0.7183249
314074596;41.15721;-8.652036;-0.1510065;0.7183288
314074598;41.15738;-8.65219;-0.1510092;0.7183319
314074599;41.15758;-8.652465;-0.151014;0.7183353
314074569;41.15434;-8.649355;-0.1509597;0.7182786
314074571;41.15424;-8.65003;-0.1509715;0.718277
314074573;41.15426;-8.650179;-0.1509741;0.7182773
314074574;41.15432;-8.650221;-0.1509748;0.7182783
314074576;41.15467;-8.650389;-0.1509778;0.7182845
314074689;41.15788;-8.652843;-0.1510206;0.7183405
314075570;41.15096;-8.658438;-0.1511182;0.7182197
314075571;41.1511;-8.658653;-0.151122;0.7182222
314075573;41.15138;-8.658893;-0.1511262;0.718227
314075575;41.15172;-8.659082;-0.1511295;0.718233
314075577;41.15219;-8.659177;-0.1511312;0.7182412
314075579;41.15265;-8.65916;-0.1511308;0.7182491
314075580;41.15291;-8.659117;-0.1511301;0.7182537
314075581;41.15312;-8.659023;-0.1511285;0.7182574
314075582;41.15325;-8.658958;-0.1511273;0.7182598
314075583;41.15355;-8.658753;-0.1511238;0.7182649
314075584;41.15332;-8.659259;-0.1511326;0.718261
335978178;41.15299;-8.650029;-0.1509715;0.7182552
335983979;41.1501;-8.652096;-0.1510076;0.7182048
428215431;41.1569;-8.651865;-0.1510035;0.7183234
428215432;41.1568;-8.652001;-0.1510059;0.7183216
428215433;41.1567;-8.652079;-0.1510073;0.71832
428215434;41.15661;-8.652156;-0.1510086;0.7183184
428215435;41.15652;-8.652207;-0.1510095;0.7183168
428215436;41.15642;-8.652199;-0.1510094;0.718315
428215437;41.15635;-8.652225;-0.1510098;0.7183139
428214875;41.16161;-8.651667;-0.1510001;0.7184056
428214881;41.15744;-8.652263;-0.1510105;0.7183328
428214883;41.16107;-8.655773;-0.1510717;0.7183962
428214884;41.16084;-8.655559;-0.151068;0.7183921
428214885;41.16071;-8.655318;-0.1510638;0.7183898
428214886;41.16056;-8.654838;-0.1510554;0.7183874
428214887;41.16043;-8.654469;-0.151049;0.7183851
428214888;41.16024;-8.654065;-0.1510419;0.7183817
428214889;41.16;-8.653808;-0.1510374;0.7183775
428214890;41.15967;-8.653524;-0.1510325;0.7183718
428214891;41.15939;-8.653275;-0.1510281;0.7183668
428214892;41.15905;-8.653052;-0.1510243;0.718361
428214893;41.15872;-8.652829;-0.1510204;0.7183552
428214895;41.15831;-8.65252;-0.151015;0.7183481
428214896;41.1581;-8.6524;-0.1510129;0.7183444
428214897;41.15778;-8.652263;-0.1510105;0.7183388
311889362;41.15725;-8.638238;-0.1507657;0.7183296
428214894;41.15847;-8.652654;-0.1510173;0.7183508
428214882;41.16138;-8.656036;-0.1510763;0.7184017
428214874;41.15214;-8.654969;-0.1510577;0.7182403
428215412;41.15472;-8.650946;-0.1509875;0.7182854
428215413;41.15482;-8.6511;-0.1509902;0.7182872
428215414;41.15489;-8.651255;-0.1509929;0.7182883
428215415;41.15502;-8.651529;-0.1509977;0.7182906
428215416;41.15508;-8.65183;-0.1510029;0.7182917
428215417;41.15506;-8.652104;-0.1510077;0.7182913
428215418;41.15507;-8.652388;-0.1510127;0.7182914
428215419;41.15515;-8.652619;-0.1510167;0.7182929
428215420;41.15509;-8.652903;-0.1510216;0.7182919
428215411;41.15456;-8.65085;-0.1509858;0.7182826
428216343;41.15673;-8.638715;-0.150774;0.7183205
428216344;41.15681;-8.638869;-0.1507767;0.7183219
428216345;41.15685;-8.639041;-0.1507797;0.7183226
428216346;41.15689;-8.639213;-0.1507827;0.7183232
428216347;41.15688;-8.639625;-0.1507899;0.7183231
428216348;41.15681;-8.639831;-0.1507935;0.7183218
428216349;41.1567;-8.639959;-0.1507957;0.71832
428216350;41.15656;-8.64014;-0.1507989;0.7183174
428216351;41.15639;-8.640243;-0.1508007;0.7183145
428215369;41.14868;-8.65561;-0.1510689;0.71818
428215376;41.15413;-8.655633;-0.1510693;0.7182751
428215377;41.15418;-8.655503;-0.151067;0.718276
428215378;41.15429;-8.655392;-0.1510651;0.7182778
428215381;41.15481;-8.655142;-0.1510607;0.7182869
428215383;41.15505;-8.655073;-0.1510595;0.7182911
428215388;41.15514;-8.653529;-0.1510326;0.7182927
428215389;41.155;-8.653375;-0.1510299;0.7182902
428215390;41.15485;-8.653392;-0.1510302;0.7182877
428215391;41.15471;-8.653426;-0.1510308;0.7182853
428215392;41.15449;-8.653538;-0.1510327;0.7182814
428215393;41.15427;-8.653684;-0.1510353;0.7182776
428215394;41.15407;-8.65383;-0.1510378;0.718274
428215395;41.15385;-8.653941;-0.1510398;0.7182702
428215385;41.15522;-8.654742;-0.1510537;0.7182941
428215571;41.1608;-8.650989;-0.1509882;0.7183915
428215572;41.16051;-8.65074;-0.1509839;0.7183864
428215573;41.16015;-8.650422;-0.1509783;0.7183801
428215574;41.15995;-8.650302;-0.1509763;0.7183767
428215575;41.15949;-8.650139;-0.1509734;0.7183686
428215576;41.15917;-8.650156;-0.1509737;0.718363
428215577;41.15876;-8.650216;-0.1509748;0.7183558
428215578;41.15847;-8.650285;-0.150976;0.7183509
428216363;41.15665;-8.640955;-0.1508131;0.7183191
428216359;41.15732;-8.640257;-0.1508009;0.7183308
428215355;41.14865;-8.655195;-0.1510617;0.7181795
428215403;41.1546;-8.652259;-0.1510104;0.7182833
428215404;41.1545;-8.652156;-0.1510086;0.7182815
428215405;41.15425;-8.65195;-0.151005;0.7182771
428215406;41.15405;-8.651787;-0.1510022;0.7182737
428215407;41.15385;-8.651692;-0.1510005;0.7182702
428215408;41.15366;-8.651701;-0.1510007;0.7182668
428215409;41.15348;-8.651727;-0.1510011;0.7182638
428214908;41.15725;-8.652477;-0.1510142;0.7183296
428214909;41.15711;-8.652718;-0.1510184;0.7183271
428214910;41.157;-8.652812;-0.1510201;0.7183252
428214914;41.15618;-8.652546;-0.1510154;0.7183109
428214915;41.15593;-8.652675;-0.1510177;0.7183065
428214916;41.15568;-8.652975;-0.1510229;0.7183021
428214917;41.15556;-8.65337;-0.1510298;0.7183001
428214918;41.1556;-8.653765;-0.1510367;0.7183008
428214919;41.15565;-8.654511;-0.1510497;0.7183015
428214920;41.15567;-8.655035;-0.1510589;0.7183019
428214921;41.15551;-8.655584;-0.1510684;0.7182992
428214922;41.15527;-8.655807;-0.1510723;0.7182949
428214923;41.15505;-8.655945;-0.1510747;0.7182912
428214924;41.15467;-8.655971;-0.1510752;0.7182845
428214925;41.15406;-8.655593;-0.1510686;0.7182739
428214927;41.1532;-8.655104;-0.1510601;0.7182588
428214912;41.15672;-8.6526;-0.1510164;0.7183203
428214944;41.15665;-8.638618;-0.1507723;0.7183191
428214945;41.15637;-8.638976;-0.1507786;0.7183141
428214948;41.1569;-8.639482;-0.1507874;0.7183234
428214911;41.15687;-8.652763;-0.1510192;0.7183229
428214913;41.15639;-8.652445;-0.1510137;0.7183145
428214926;41.15361;-8.655245;-0.1510625;0.718266
428216538;41.15774;-8.639964;-0.1507958;0.7183381
428216356;41.15483;-8.640467;-0.1508046;0.7182872
428471588;41.15262;-8.651455;-0.1509964;0.7182487
437000332;41.14492;-8.639786;-0.1507927;0.7181144
437000331;41.14495;-8.63964;-0.1507902;0.7181149
477729987;41.15694;-8.639451;-0.1507869;0.7183242
477729994;41.15709;-8.639503;-0.1507878;0.7183268
477729698;41.15452;-8.640578;-0.1508065;0.7182819
428216362;41.15692;-8.640788;-0.1508102;0.7183237
428216360;41.15722;-8.640429;-0.1508039;0.718329
428216361;41.1571;-8.640583;-0.1508066;0.718327
478903178;41.1489;-8.637781;-0.1507577;0.7181838
478928122;41.14913;-8.638167;-0.1507645;0.7181878
478927952;41.14967;-8.637343;-0.1507501;0.7181972
478927704;41.15003;-8.637568;-0.150754;0.7182035
479184251;41.15083;-8.640709;-0.1508088;0.7182176
479184346;41.15114;-8.641464;-0.150822;0.7182229
479184362;41.15103;-8.640185;-0.1507997;0.7182209
479184443;41.15089;-8.641258;-0.1508184;0.7182184
479184464;41.15082;-8.640494;-0.1508051;0.7182173
479183114;41.15182;-8.641353;-0.1508201;0.7182347
479183245;41.1537;-8.64179;-0.1508277;0.7182675
479183265;41.15329;-8.641799;-0.1508278;0.7182605
479183292;41.15268;-8.641782;-0.1508275;0.7182498
479183343;41.15205;-8.641756;-0.1508271;0.7182388
479183377;41.15164;-8.641722;-0.1508265;0.7182316
479183645;41.1524;-8.637585;-0.1507543;0.718245
479183720;41.15161;-8.637696;-0.1507562;0.718231
479183683;41.15201;-8.63761;-0.1507547;0.7182381
479183099;41.15166;-8.639438;-0.1507866;0.718232
479185240;41.15039;-8.640426;-0.1508039;0.7182099
479185253;41.15019;-8.64052;-0.1508055;0.7182063
479185259;41.15;-8.640537;-0.1508058;0.7182029
479184926;41.15059;-8.637954;-0.1507607;0.7182133
479188275;41.15385;-8.643026;-0.1508493;0.7182702
479198283;41.15314;-8.643301;-0.1508541;0.7182578
479198298;41.15315;-8.643421;-0.1508562;0.718258
479198312;41.15317;-8.643559;-0.1508586;0.7182583
479198327;41.15329;-8.64349;-0.1508574;0.7182605
479226397;41.15403;-8.645988;-0.1509009;0.7182733
479226522;41.15322;-8.646829;-0.1509156;0.7182592
479226536;41.15293;-8.647138;-0.150921;0.7182541
479226643;41.15223;-8.646811;-0.1509153;0.7182419
479226661;41.15156;-8.646425;-0.1509086;0.7182302
479226885;41.15123;-8.645264;-0.1508883;0.7182245
479226734;41.152;-8.645335;-0.1508896;0.718238
479226762;41.15189;-8.645395;-0.1508906;0.7182359
479226769;41.15164;-8.645696;-0.1508958;0.7182316
479226891;41.15112;-8.645274;-0.1508885;0.7182226
479226866;41.15166;-8.645318;-0.1508893;0.718232
479226894;41.15084;-8.645198;-0.1508872;0.7182177
479226904;41.15047;-8.645026;-0.1508842;0.7182112
479226915;41.15023;-8.644863;-0.1508813;0.718207
479226935;41.14999;-8.644571;-0.1508762;0.7182028
479226954;41.14972;-8.644159;-0.150869;0.718198
479226826;41.15186;-8.645425;-0.1508911;0.7182355
479226880;41.15145;-8.645255;-0.1508882;0.7182283
479226659;41.15201;-8.646635;-0.1509123;0.7182381
479226973;41.14931;-8.643681;-0.1508607;0.718191
479225678;41.15114;-8.646013;-0.1509014;0.7182229
479225864;41.15014;-8.645644;-0.150895;0.7182053
479225977;41.14874;-8.643224;-0.1508527;0.718181
479225996;41.1488;-8.643644;-0.1508601;0.7181821
479226021;41.14917;-8.644417;-0.1508735;0.7181884
479226028;41.14932;-8.644777;-0.1508798;0.7181911
479226049;41.14953;-8.645138;-0.1508861;0.7181948
479226065;41.14977;-8.64537;-0.1508902;0.718199
479226267;41.15129;-8.64579;-0.1508975;0.7182255
479226277;41.15117;-8.645507;-0.1508926;0.7182234
479226291;41.15108;-8.645361;-0.15089;0.7182218
479235802;41.15041;-8.646545;-0.1509107;0.71821
479235576;41.1521;-8.645409;-0.1508908;0.7182396
479235681;41.14986;-8.646545;-0.1509107;0.7182006
479235715;41.15028;-8.646511;-0.1509101;0.7182078
479235822;41.15061;-8.646666;-0.1509128;0.7182136
479235856;41.15098;-8.647824;-0.150933;0.7182201
479235883;41.15086;-8.648056;-0.1509371;0.718218
479235902;41.15067;-8.648176;-0.1509392;0.7182148
479235924;41.15057;-8.648399;-0.150943;0.718213
479235933;41.15061;-8.648811;-0.1509502;0.7182137
479236074;41.15182;-8.647412;-0.1509258;0.7182347
479236120;41.15133;-8.647447;-0.1509264;0.7182261
479292879;41.15076;-8.654078;-0.1510421;0.7182162
479297791;41.1513;-8.651897;-0.1510041;0.7182257
479297761;41.15122;-8.652335;-0.1510117;0.7182243
479297762;41.15102;-8.651909;-0.1510043;0.7182207
479309465;41.15079;-8.652407;-0.151013;0.7182168
479309617;41.15057;-8.651995;-0.1510058;0.718213
479309636;41.15041;-8.651832;-0.1510029;0.7182102
479412044;41.15175;-8.653419;-0.1510307;0.7182335
479412063;41.1517;-8.653488;-0.1510319;0.7182326
479411934;41.15013;-8.653096;-0.151025;0.7182053
479411964;41.15087;-8.654237;-0.1510449;0.7182182
479412110;41.15065;-8.652544;-0.1510154;0.7182144
479412141;41.15036;-8.652081;-0.1510073;0.7182093
479416337;41.1507;-8.653986;-0.1510406;0.7182151
479416369;41.15039;-8.654046;-0.1510416;0.7182098
479416377;41.14918;-8.652063;-0.151007;0.7181887
479416380;41.1488;-8.651514;-0.1509974;0.718182
479416389;41.14852;-8.651257;-0.1509929;0.7181772
479416374;41.14959;-8.652694;-0.151018;0.7181958
479435806;41.14947;-8.651489;-0.150997;0.7181937
479435815;41.1498;-8.650562;-0.1509808;0.7181995
479435818;41.1496;-8.650288;-0.150976;0.718196
479435793;41.15022;-8.65082;-0.1509853;0.7182068
479435813;41.15017;-8.650759;-0.1509842;0.718206
479435875;41.14891;-8.649046;-0.1509543;0.718184
479512742;41.14821;-8.658689;-0.1511226;0.7181718
479512746;41.14862;-8.65626;-0.1510803;0.7181789
479512747;41.14891;-8.65614;-0.1510781;0.7181841
479512748;41.14918;-8.656157;-0.1510784;0.7181887
479512749;41.1494;-8.656381;-0.1510823;0.7181925
479512751;41.14967;-8.656724;-0.1510883;0.7181972
479512752;41.14988;-8.65693;-0.1510919;0.7182009
479512753;41.15016;-8.657093;-0.1510948;0.7182058
479512755;41.15042;-8.657153;-0.1510958;0.7182103
479512756;41.1506;-8.65723;-0.1510972;0.7182134
479512757;41.15075;-8.657436;-0.1511008;0.718216
479512758;41.15081;-8.657754;-0.1511063;0.7182172
479520002;41.14871;-8.658689;-0.1511226;0.7181804
479520003;41.14943;-8.658767;-0.151124;0.7181929
479520005;41.1495;-8.658904;-0.1511264;0.7181943
479520006;41.14967;-8.659067;-0.1511292;0.7181972
479520007;41.15013;-8.659076;-0.1511294;0.7182053
479520009;41.15042;-8.659067;-0.1511292;0.7182103
479520018;41.15032;-8.659016;-0.1511283;0.7182086
479520019;41.15026;-8.658921;-0.1511267;0.7182075
479520020;41.15021;-8.658844;-0.1511253;0.7182066
479520021;41.15012;-8.658372;-0.1511171;0.7182052
479520015;41.15038;-8.660497;-0.1511542;0.7182097
479520016;41.1504;-8.659792;-0.1511419;0.71821
479520023;41.1501;-8.658161;-0.1511134;0.7182047
479520025;41.15005;-8.657677;-0.151105;0.7182039
479520028;41.15062;-8.657694;-0.1511053;0.7182137
479520029;41.15062;-8.658192;-0.151114;0.7182137
479522005;41.14878;-8.654505;-0.1510496;0.7181817
479522008;41.14868;-8.654857;-0.1510557;0.7181799
479522010;41.1487;-8.655827;-0.1510727;0.7181804
479522013;41.14868;-8.656041;-0.1510764;0.7181799
497171009;41.15391;-8.659226;-0.151132;0.7182712
497171015;41.1538;-8.656179;-0.1510788;0.7182693
111415446;41.15888;-8.635875;-0.1507244;0.7183579
503018176;41.15759;-8.642731;-0.1508441;0.7183355
503018183;41.15792;-8.642297;-0.1508365;0.7183413
503018178;41.15775;-8.642648;-0.1508427;0.7183383
503018196;41.15862;-8.641807;-0.150828;0.7183535
503018198;41.15888;-8.641712;-0.1508263;0.718358
503018200;41.15903;-8.641652;-0.1508253;0.7183606
503018205;41.15915;-8.642227;-0.1508353;0.7183627
503018207;41.15898;-8.642356;-0.1508376;0.7183596
503018203;41.15931;-8.641737;-0.1508268;0.7183654
503018208;41.15877;-8.642455;-0.1508393;0.718356
503018147;41.15514;-8.643782;-0.1508625;0.7182927
503018096;41.15907;-8.642293;-0.1508365;0.7183612
26016426;41.16455;-8.647113;-0.1509206;0.7184569
26016428;41.1641;-8.647943;-0.1509351;0.7184491
1243857960;41.16532;-8.645404;-0.1508908;0.7184703
26016430;41.16352;-8.648569;-0.150946;0.718439
26016467;41.14845;-8.640632;-0.1508075;0.718176
126401360;41.15493;-8.648024;-0.1509365;0.718289
314074706;41.1608;-8.658163;-0.1511135;0.7183915
1105955007;41.1569;-8.63944;-0.1507867;0.7183234
479225641;41.15141;-8.646022;-0.1509015;0.7182276
479184232;41.15178;-8.640552;-0.1508061;0.718234
479520026;41.15004;-8.657021;-0.1510935;0.7182037
479225779;41.14956;-8.646494;-0.1509098;0.7181953
497171008;41.15466;-8.659841;-0.1511427;0.7182844
428216364;41.15649;-8.641033;-0.1508145;0.7183162
479412004;41.15155;-8.653309;-0.1510287;0.7182301
479412037;41.1514;-8.652987;-0.1510231;0.7182274
1108247081;41.15033;-8.65907;-0.1511293;0.7182087
1108247111;41.15107;-8.640679;-0.1508083;0.7182217
335983976;41.14956;-8.652717;-0.1510184;0.7181952
1108285691;41.15469;-8.639836;-0.1507936;0.7182848
1110673417;41.15036;-8.637567;-0.150754;0.7182093
1110673451;41.15022;-8.637923;-0.1507602;0.7182068
1110673511;41.15016;-8.637858;-0.1507591;0.7182057
1110673479;41.15107;-8.638103;-0.1507633;0.7182217
1110673565;41.15127;-8.641549;-0.1508235;0.7182252
1110673588;41.1503;-8.637507;-0.1507529;0.7182082
1110673634;41.15015;-8.637644;-0.1507553;0.7182057
1110673655;41.15113;-8.637622;-0.1507549;0.7182227
479183794;41.15122;-8.637828;-0.1507585;0.7182242
129786476;41.15115;-8.638052;-0.1507625;0.7182231
129786475;41.1511;-8.636856;-0.1507416;0.7182223
479235515;41.15348;-8.645742;-0.1508967;0.7182637
479297778;41.15118;-8.652978;-0.151023;0.7182235
478928008;41.14945;-8.63739;-0.1507509;0.7181934
479191578;41.15342;-8.642431;-0.1508389;0.7182626
1143316692;41.15779;-8.650723;-0.1509836;0.718339
479235833;41.15085;-8.647042;-0.1509194;0.7182178
479412088;41.151;-8.653676;-0.1510351;0.7182204
479236102;41.1515;-8.647389;-0.1509254;0.7182292
428215584;41.15766;-8.651975;-0.1510054;0.7183366
479236087;41.15168;-8.6474;-0.1509256;0.7182322
1143317257;41.15806;-8.650965;-0.1509878;0.7183437
1143318424;41.15728;-8.650025;-0.1509714;0.71833
1143317778;41.15733;-8.650266;-0.1509756;0.7183309
1143318132;41.15763;-8.650641;-0.1509822;0.7183362
1143318441;41.1576;-8.649096;-0.1509552;0.7183356
1143318458;41.15045;-8.651612;-0.1509991;0.7182108
1143318734;41.15088;-8.647384;-0.1509253;0.7182183
1143318754;41.15728;-8.650158;-0.1509737;0.71833
1143318805;41.15038;-8.651813;-0.1510026;0.7182096
479435844;41.14927;-8.650861;-0.150986;0.7181903
428215583;41.15781;-8.651743;-0.1510014;0.7183394
479191589;41.15333;-8.642177;-0.1508344;0.7182611
479519999;41.14851;-8.658674;-0.1511224;0.718177
479297781;41.15108;-8.652632;-0.1510169;0.7182218
428215585;41.15754;-8.652138;-0.1510083;0.7183346
479226548;41.15265;-8.647301;-0.1509239;0.7182491
479198386;41.15357;-8.64323;-0.1508528;0.7182654
479411875;41.15064;-8.653234;-0.1510274;0.7182142
479193003;41.1536;-8.643114;-0.1508508;0.7182658
479435796;41.14976;-8.651032;-0.150989;0.7181988
479412099;41.15081;-8.653106;-0.1510252;0.7182171
479192415;41.15314;-8.643034;-0.1508494;0.7182579
479189608;41.1537;-8.642285;-0.1508363;0.7182675
479297783;41.15098;-8.652277;-0.1510107;0.7182201
479297773;41.15087;-8.652054;-0.1510068;0.7182181
479235828;41.1508;-8.64682;-0.1509155;0.718217
311889487;41.1566;-8.641618;-0.1508247;0.7183183
479188266;41.1532;-8.64326;-0.1508534;0.7182589
479411827;41.15076;-8.653643;-0.1510346;0.7182162
479411901;41.15043;-8.65271;-0.1510183;0.7182105
479188257;41.15277;-8.641853;-0.1508288;0.7182513
479235531;41.15328;-8.645545;-0.1508932;0.7182603
479189427;41.15302;-8.642632;-0.1508424;0.7182557
111798983;41.15968;-8.640642;-0.1508076;0.7183719
479435798;41.14967;-8.651068;-0.1509896;0.7181972
428215580;41.15812;-8.650723;-0.1509836;0.7183447
479412156;41.15032;-8.652022;-0.1510063;0.7182086
428215579;41.15822;-8.650498;-0.1509797;0.7183465
479309437;41.15093;-8.652869;-0.1510211;0.7182193
479435788;41.15073;-8.650864;-0.1509861;0.7182156
479226469;41.1535;-8.645973;-0.1509007;0.718264
479411820;41.15089;-8.653834;-0.1510379;0.7182186
479236032;41.15216;-8.647411;-0.1509258;0.7182406
479309406;41.15113;-8.6535;-0.1510321;0.7182228
479189559;41.15375;-8.642382;-0.150838;0.7182685
479199203;41.15355;-8.643295;-0.150854;0.7182649
479435801;41.14946;-8.651237;-0.1509926;0.7181935
479199249;41.15371;-8.643827;-0.1508632;0.7182677
479519998;41.14844;-8.658671;-0.1511223;0.7181758
478928046;41.14931;-8.637478;-0.1507524;0.718191
479435842;41.14931;-8.650878;-0.1509863;0.718191
479309290;41.15073;-8.65224;-0.1510101;0.7182156
479411836;41.1507;-8.653461;-0.1510314;0.7182151
479411888;41.15054;-8.652868;-0.151021;0.7182125
479411938;41.15062;-8.652466;-0.151014;0.7182139
479297772;41.15064;-8.652384;-0.1510126;0.7182142
128672568;41.15241;-8.634849;-0.1507065;0.718245
479309422;41.151;-8.653123;-0.1510255;0.7182205
479309444;41.15086;-8.652586;-0.1510161;0.7182179
479226488;41.1534;-8.646276;-0.150906;0.7182623
479292902;41.15127;-8.65331;-0.1510288;0.7182252
479198346;41.15343;-8.643406;-0.1508559;0.7182628
479236050;41.15199;-8.647429;-0.1509261;0.7182378
479235838;41.151;-8.647508;-0.1509275;0.7182205
428215569;41.16148;-8.651566;-0.1509983;0.7184034
479435839;41.14954;-8.650761;-0.1509843;0.718195
428215440;41.15801;-8.651146;-0.150991;0.7183428
297880486;41.15238;-8.647353;-0.1509248;0.7182446
479189548;41.15383;-8.642717;-0.1508439;0.7182699
479192968;41.15352;-8.642851;-0.1508462;0.7182645
479191538;41.15294;-8.642368;-0.1508378;0.7182542
479226460;41.1537;-8.645938;-0.1509001;0.7182676
479412103;41.15075;-8.652827;-0.1510203;0.718216
479297788;41.15059;-8.651698;-0.1510006;0.7182133
111452218;41.14896;-8.654071;-0.151042;0.7181848
479226501;41.15334;-8.646546;-0.1509107;0.7182612
479412095;41.15088;-8.653374;-0.1510299;0.7182183
26016465;41.14975;-8.64096;-0.1508132;0.7181986
311889445;41.15574;-8.637468;-0.1507523;0.7183031
428214906;41.15504;-8.637822;-0.1507584;0.7182909
1218948006;41.16064;-8.650867;-0.1509861;0.7183888
1264279340;41.16164;-8.651691;-0.1510005;0.7184061
1264279362;41.15979;-8.640604;-0.150807;0.7183738
111448461;41.14858;-8.653334;-0.1510292;0.7181783
503018129;41.15702;-8.641778;-0.1508275;0.7183256
311889633;41.15712;-8.641904;-0.1508297;0.7183272
506097316;41.1574;-8.643538;-0.1508582;0.7183321
1300530258;41.15532;-8.644494;-0.1508749;0.7182958
1300530260;41.15519;-8.643778;-0.1508624;0.7182936
1300530261;41.15607;-8.644361;-0.1508726;0.7183089
1300530263;41.15635;-8.643687;-0.1508608;0.7183138
479183225;41.15389;-8.641744;-0.1508269;0.7182709
479183873;41.15245;-8.634479;-0.1507001;0.7182458
503018148;41.1553;-8.643766;-0.1508622;0.7182955
503018146;41.15499;-8.643715;-0.1508613;0.71829
503018150;41.15669;-8.643657;-0.1508603;0.7183198
506097312;41.1525;-8.63417;-0.1506947;0.7182466
311889489;41.15408;-8.642441;-0.150839;0.7182741
311889375;41.15312;-8.638765;-0.1507749;0.7182575
311889376;41.15347;-8.640269;-0.1508012;0.7182634
479183608;41.15284;-8.637532;-0.1507534;0.7182525
128669168;41.15426;-8.648178;-0.1509392;0.7182774
128671204;41.15434;-8.645944;-0.1509002;0.7182786
479226382;41.15432;-8.646026;-0.1509016;0.7182785
428215384;41.15516;-8.654934;-0.1510571;0.718293
428215387;41.15518;-8.653857;-0.1510383;0.7182934
428215379;41.15448;-8.655233;-0.1510623;0.7182813
1353859184;41.14935;-8.654225;-0.1510447;0.7181917
1353859185;41.14915;-8.653846;-0.1510381;0.7181882
1353859187;41.14921;-8.65431;-0.1510462;0.7181892
1353859188;41.14906;-8.653923;-0.1510395;0.7181866
1353859190;41.14903;-8.654131;-0.1510431;0.718186
1353859192;41.14948;-8.654145;-0.1510433;0.7181939
1353859193;41.1493;-8.654426;-0.1510482;0.7181908
1353859198;41.14938;-8.654042;-0.1510415;0.7181922
129667179;41.15119;-8.65624;-0.1510799;0.7182237
1537859363;41.15644;-8.642814;-0.1508456;0.7183153
1537859369;41.15643;-8.642727;-0.150844;0.7183151
1537859376;41.15633;-8.642209;-0.150835;0.7183134
1537859379;41.15623;-8.641714;-0.1508264;0.7183117
1537859380;41.15624;-8.641767;-0.1508273;0.7183118
129674304;41.15057;-8.65621;-0.1510794;0.718213
129674305;41.15068;-8.656342;-0.1510817;0.7182149
128668296;41.15205;-8.655293;-0.1510634;0.7182388
128668304;41.15079;-8.65853;-0.1511199;0.7182168
128669966;41.15417;-8.648546;-0.1509456;0.7182757
128669173;41.15414;-8.650037;-0.1509716;0.7182752
128669175;41.15405;-8.650193;-0.1509743;0.7182736
479225855;41.15012;-8.645812;-0.1508979;0.7182052
479225876;41.15022;-8.645516;-0.1508927;0.7182068
479226998;41.14881;-8.643108;-0.1508507;0.7181821
479225626;41.14938;-8.643126;-0.150851;0.7181922
479226985;41.14901;-8.643303;-0.1508541;0.7181857
128668277;41.1537;-8.650297;-0.1509762;0.7182676
128668278;41.15341;-8.650711;-0.1509834;0.7182625
128668279;41.15306;-8.651032;-0.150989;0.7182564
128668283;41.15275;-8.651303;-0.1509937;0.7182509
128668285;41.15248;-8.651677;-0.1510002;0.7182463
128668286;41.15223;-8.652251;-0.1510103;0.7182418
128668291;41.15213;-8.652886;-0.1510214;0.7182401
128668292;41.15211;-8.653326;-0.151029;0.7182398
128668293;41.15214;-8.653795;-0.1510372;0.7182404
128668294;41.15219;-8.654264;-0.1510454;0.7182413
128668295;41.15216;-8.654832;-0.1510553;0.7182407
420446031;41.15233;-8.651969;-0.1510053;0.7182436
314075546;41.15086;-8.658185;-0.1511138;0.718218
314553198;41.15343;-8.650078;-0.1509723;0.7182629
479225907;41.1502;-8.644837;-0.1508809;0.7182064
479226309;41.15104;-8.6453;-0.1508889;0.7182211
479225722;41.1506;-8.64605;-0.150902;0.7182134
479225707;41.15097;-8.646017;-0.1509015;0.7182199
479225728;41.15033;-8.646053;-0.1509021;0.7182087
479225765;41.14971;-8.646389;-0.150908;0.7181979
479225744;41.15015;-8.645983;-0.1509009;0.7182057
479225885;41.15025;-8.645209;-0.1508874;0.7182073
478928715;41.14873;-8.643061;-0.1508499;0.7181808
479225754;41.14991;-8.646249;-0.1509055;0.7182015
478928659;41.14895;-8.641915;-0.1508299;0.7181847
479225615;41.14915;-8.643306;-0.1508541;0.7181882
478928361;41.14922;-8.639797;-0.1507929;0.7181894
479225897;41.15022;-8.645029;-0.1508842;0.7182068
478928174;41.14918;-8.639049;-0.1507798;0.7181886
478928380;41.1492;-8.640189;-0.1507998;0.7181891
297880483;41.15265;-8.648694;-0.1509482;0.7182492
126401370;41.15761;-8.645554;-0.1508934;0.7183357
126404010;41.15804;-8.645348;-0.1508898;0.7183433
126404013;41.15803;-8.645498;-0.1508924;0.7183431
126404015;41.15792;-8.645569;-0.1508936;0.7183412
126404022;41.15757;-8.645462;-0.1508918;0.7183352
126404023;41.15757;-8.645371;-0.1508902;0.7183352
126404025;41.1576;-8.645273;-0.1508885;0.7183357
126404018;41.15773;-8.645592;-0.150894;0.7183378
126404027;41.15783;-8.645196;-0.1508871;0.7183397
126404031;41.15797;-8.645209;-0.1508874;0.718342
503018220;41.15749;-8.643026;-0.1508493;0.7183338
503018222;41.15743;-8.643274;-0.1508536;0.7183327
503018173;41.15743;-8.642686;-0.1508433;0.7183327
503018219;41.15762;-8.642861;-0.1508464;0.718336
503018170;41.15729;-8.642533;-0.1508407;0.7183303
126401819;41.15731;-8.64531;-0.1508891;0.7183306
503018217;41.15773;-8.642769;-0.1508448;0.7183379
126554316;41.15643;-8.648573;-0.1509461;0.7183151
111415679;41.16174;-8.656374;-0.1510822;0.7184079
1110673430;41.15092;-8.635745;-0.1507222;0.718219
111461666;41.15092;-8.635507;-0.150718;0.718219
1143317042;41.14976;-8.65051;-0.1509799;0.7181988
111464592;41.15401;-8.644963;-0.1508831;0.718273
128668297;41.15194;-8.655571;-0.1510682;0.7182367
128668299;41.15171;-8.655982;-0.1510754;0.7182329
128668303;41.15111;-8.657304;-0.1510985;0.7182223
128668305;41.1507;-8.659159;-0.1511308;0.7182153
128668306;41.15059;-8.659972;-0.151145;0.7182132
128669170;41.15421;-8.648794;-0.1509499;0.7182765
128669171;41.15417;-8.649162;-0.1509564;0.7182758
128669172;41.15416;-8.649792;-0.1509673;0.7182757
128669176;41.15401;-8.650249;-0.1509753;0.718273
128669177;41.15378;-8.650357;-0.1509772;0.7182689
128669959;41.15379;-8.650137;-0.1509734;0.7182691
128669960;41.15394;-8.649743;-0.1509665;0.7182717
128669963;41.15403;-8.649428;-0.150961;0.7182733
128669964;41.15414;-8.64891;-0.150952;0.7182752
128672584;41.1545;-8.643847;-0.1508636;0.7182814
129784806;41.15161;-8.642105;-0.1508332;0.718231
129665109;41.15108;-8.657085;-0.1510946;0.7182218
129665111;41.15099;-8.656757;-0.1510889;0.7182204
129665112;41.15083;-8.656508;-0.1510846;0.7182174
129665113;41.15047;-8.656369;-0.1510821;0.7182112
129667175;41.15025;-8.655829;-0.1510727;0.7182074
129667176;41.15041;-8.656015;-0.151076;0.7182102
129667180;41.15138;-8.656201;-0.1510792;0.7182271
129676696;41.15107;-8.656538;-0.1510851;0.7182217
129676781;41.15147;-8.656438;-0.1510833;0.7182286
129692092;41.1553;-8.648219;-0.1509399;0.7182956
129779462;41.15501;-8.64842;-0.1509434;0.7182905
129781791;41.15424;-8.649364;-0.1509599;0.718277
129788146;41.15108;-8.635699;-0.1507214;0.7182218
26016453;41.15274;-8.644059;-0.1508673;0.7182508
26016454;41.15281;-8.64394;-0.1508652;0.7182519
26016468;41.14847;-8.640497;-0.1508051;0.7181762
285910461;41.14824;-8.648478;-0.1509444;0.7181723
311888514;41.15288;-8.661314;-0.1511685;0.7182532
311888515;41.15301;-8.660236;-0.1511496;0.7182555
311888516;41.15311;-8.659833;-0.1511426;0.7182572
311888517;41.15376;-8.658374;-0.1511171;0.7182686
311888518;41.15403;-8.657886;-0.1511086;0.7182733
311888519;41.15416;-8.657742;-0.1511061;0.7182756
26016457;41.15145;-8.642298;-0.1508366;0.7182283
311888520;41.15446;-8.657711;-0.1511056;0.7182808
311888521;41.15587;-8.658878;-0.1511259;0.7183055
311888522;41.15595;-8.65918;-0.1511312;0.7183068
311889074;41.15666;-8.659764;-0.1511414;0.7183192
314046219;41.15483;-8.662004;-0.1511805;0.7182873
314074370;41.15435;-8.649214;-0.1509573;0.7182788
314074579;41.15473;-8.650407;-0.1509781;0.7182856
314553200;41.15265;-8.649448;-0.1509614;0.7182492
314553220;41.15248;-8.649241;-0.1509577;0.7182462
314553222;41.15244;-8.64918;-0.1509567;0.7182455
314553224;41.15345;-8.648457;-0.150944;0.7182633
428214928;41.15302;-8.655057;-0.1510592;0.7182556
428214929;41.15257;-8.655023;-0.1510586;0.7182478
428214930;41.15239;-8.654919;-0.1510568;0.7182447
428214931;41.15311;-8.654965;-0.1510576;0.7182572
428214932;41.15334;-8.65469;-0.1510528;0.7182614
428214933;41.15342;-8.654441;-0.1510485;0.7182627
428214934;41.15352;-8.653777;-0.1510369;0.7182645
428214935;41.15349;-8.652711;-0.1510183;0.7182639
428214936;41.15348;-8.652288;-0.1510109;0.7182638
428214937;41.15344;-8.652077;-0.1510072;0.7182631
428214938;41.15336;-8.651929;-0.1510046;0.7182616
428214939;41.15321;-8.651786;-0.1510022;0.7182591
428214940;41.15299;-8.651714;-0.1510009;0.7182552
428214941;41.1526;-8.651696;-0.1510006;0.7182484
428215370;41.15363;-8.654036;-0.1510414;0.7182663
428215372;41.1535;-8.654027;-0.1510413;0.7182642
428215410;41.1533;-8.651854;-0.1510033;0.7182606
428215421;41.15389;-8.650373;-0.1509775;0.7182708
428215422;41.1539;-8.65067;-0.1509827;0.718271
428215426;41.15441;-8.651089;-0.15099;0.7182799
428215427;41.15446;-8.65108;-0.1509898;0.7182809
428471586;41.15216;-8.65251;-0.1510148;0.7182407
428471589;41.15313;-8.649837;-0.1509681;0.7182576
478903124;41.14908;-8.638764;-0.1507749;0.7181869
478903149;41.149;-8.63828;-0.1507664;0.7181855
478927930;41.14985;-8.637422;-0.1507514;0.7182003
479183986;41.15089;-8.640018;-0.1507968;0.7182186
479184009;41.15059;-8.640078;-0.1507978;0.7182133
479184108;41.15104;-8.63896;-0.1507783;0.7182211
479184136;41.15049;-8.63905;-0.1507799;0.7182115
479185130;41.15047;-8.637877;-0.1507594;0.7182113
479185158;41.15056;-8.640256;-0.1508009;0.7182128
479236294;41.14885;-8.645887;-0.1508992;0.718183
479435820;41.14943;-8.650114;-0.150973;0.7181931
479435825;41.14921;-8.649895;-0.1509691;0.7181892
479435828;41.14899;-8.649705;-0.1509658;0.7181854
479435831;41.14886;-8.649807;-0.1509676;0.718183
479435838;41.1497;-8.650556;-0.1509807;0.7181977
479435846;41.14923;-8.650756;-0.1509842;0.7181897
479435848;41.14909;-8.650553;-0.1509806;0.7181871
479435850;41.149;-8.650385;-0.1509777;0.7181855
479435852;41.14895;-8.650174;-0.150974;0.7181847
479435858;41.14892;-8.649986;-0.1509707;0.7181842
479435865;41.14875;-8.649629;-0.1509645;0.7181811
479435868;41.1488;-8.649469;-0.1509617;0.718182
479435870;41.1487;-8.649353;-0.1509597;0.7181804
479435872;41.14869;-8.649282;-0.1509584;0.7181801
479437609;41.14861;-8.650296;-0.1509762;0.7181786
479437618;41.14974;-8.650749;-0.1509841;0.7181985
479512726;41.1509;-8.657997;-0.1511106;0.7182187
479512729;41.15052;-8.66059;-0.1511558;0.7182121
478928086;41.14923;-8.63761;-0.1507547;0.7181895
497171006;41.15517;-8.658377;-0.1511172;0.7182932
497171011;41.15463;-8.657896;-0.1511088;0.7182838
497171014;41.15358;-8.657156;-0.1510959;0.7182654
497171016;41.15345;-8.655176;-0.1510613;0.7182633
497171018;41.15298;-8.657252;-0.1510976;0.7182551
497171020;41.15265;-8.655178;-0.1510614;0.7182492
497171021;41.15229;-8.656735;-0.1510885;0.718243
497171043;41.15545;-8.660436;-0.1511531;0.7182981
497171051;41.15535;-8.660682;-0.1511574;0.7182964
503018143;41.15459;-8.643808;-0.1508629;0.7182831
784545881;41.15454;-8.645187;-0.150887;0.7182822
784545905;41.15417;-8.644869;-0.1508814;0.7182758
784545908;41.15456;-8.645032;-0.1508843;0.7182826
784545912;41.15414;-8.645024;-0.1508841;0.7182753
111449497;41.14864;-8.653027;-0.1510238;0.7181792
111449499;41.14924;-8.652883;-0.1510213;0.7181898
129692094;41.15497;-8.648052;-0.150937;0.7182897
129777800;41.15494;-8.648734;-0.1509489;0.7182892
129777802;41.15477;-8.648996;-0.1509535;0.7182862
129777803;41.15442;-8.649156;-0.1509562;0.7182802
297880390;41.15247;-8.649066;-0.1509547;0.7182462
479292807;41.15046;-8.651306;-0.1509938;0.718211
479292919;41.15136;-8.653223;-0.1510272;0.7182267
479292937;41.15139;-8.653114;-0.1510253;0.7182273
479293031;41.15113;-8.652136;-0.1510083;0.7182228
479293054;41.15088;-8.651676;-0.1510002;0.7182184
479293073;41.15067;-8.651446;-0.1509962;0.7182146
479297789;41.15031;-8.651706;-0.1510008;0.7182084
479297795;41.15115;-8.651776;-0.151002;0.718223
126411674;41.1596;-8.648073;-0.1509373;0.7183706
126411675;41.15911;-8.647554;-0.1509283;0.718362
479520017;41.1504;-8.659267;-0.1511327;0.71821
479235548;41.15303;-8.645189;-0.150887;0.7182559
479235565;41.15269;-8.645249;-0.1508881;0.71825
1108285760;41.1554;-8.63957;-0.1507889;0.7182973
1108285814;41.15633;-8.640282;-0.1508014;0.7183135
311889356;41.15793;-8.641197;-0.1508173;0.7183414
311889358;41.15756;-8.638994;-0.1507789;0.718335
311889360;41.15742;-8.638602;-0.1507721;0.7183325
311889366;41.15682;-8.636925;-0.1507428;0.718322
311889582;41.15719;-8.641891;-0.1508294;0.7183285
311889583;41.15729;-8.64139;-0.1508207;0.7183303
311889597;41.15684;-8.641542;-0.1508234;0.7183224
428214899;41.15609;-8.640363;-0.1508028;0.7183093
428214900;41.15868;-8.640963;-0.1508133;0.7183545
428214901;41.15767;-8.639461;-0.150787;0.7183368
428214902;41.15713;-8.637989;-0.1507614;0.7183275
428214905;41.15438;-8.638156;-0.1507643;0.7182794
428214907;41.15793;-8.63637;-0.1507331;0.7183414
428214951;41.15486;-8.640619;-0.1508073;0.7182878
428214952;41.15559;-8.640444;-0.1508042;0.7183006
428216357;41.15731;-8.639557;-0.1507887;0.7183306
428216358;41.15739;-8.640059;-0.1507975;0.7183319
428216714;41.15622;-8.637228;-0.1507481;0.7183115
477729714;41.15458;-8.640871;-0.1508117;0.7182829
477729729;41.15489;-8.640759;-0.1508097;0.7182883
503018132;41.15707;-8.641684;-0.1508258;0.7183264
503018135;41.15714;-8.641641;-0.1508251;0.7183275
503018138;41.15723;-8.641682;-0.1508258;0.7183292
479293008;41.15124;-8.652396;-0.1510128;0.7182246
1537859374;41.1565;-8.643089;-0.1508504;0.7183164
1537859366;41.15664;-8.642971;-0.1508483;0.7183188
503018083;41.15934;-8.642035;-0.150832;0.718366
503018180;41.15786;-8.642466;-0.1508395;0.7183401
503018186;41.15805;-8.642142;-0.1508338;0.7183434
503018188;41.15823;-8.642007;-0.1508315;0.7183467
503018191;41.15846;-8.641872;-0.1508291;0.7183506
503018204;41.15934;-8.641878;-0.1508292;0.718366
503018214;41.15786;-8.642703;-0.1508436;0.7183401
503018212;41.15798;-8.642649;-0.1508427;0.7183423
503018210;41.15812;-8.642653;-0.1508428;0.7183447
1243857939;41.16479;-8.646556;-0.1509109;0.7184612
126396967;41.15531;-8.645292;-0.1508888;0.7182956
1239645101;41.15899;-8.635817;-0.1507234;0.7183599
128672573;41.15244;-8.635778;-0.1507228;0.7182456
128672575;41.1525;-8.636156;-0.1507294;0.7182466
26016466;41.14978;-8.640836;-0.150811;0.7181991
111448467;41.14867;-8.654058;-0.1510418;0.7181798
111449494;41.14854;-8.653292;-0.1510284;0.7181774
111449495;41.14857;-8.653126;-0.1510255;0.718178
111451063;41.14876;-8.653505;-0.1510322;0.7181814
111452222;41.14875;-8.654005;-0.1510409;0.7181813
111459759;41.1484;-8.645949;-0.1509003;0.7181751
111464006;41.15107;-8.644633;-0.1508773;0.7182217
111464014;41.1518;-8.642956;-0.150848;0.7182344
126554310;41.15746;-8.649006;-0.1509536;0.7183332
126554313;41.15676;-8.648615;-0.1509468;0.7183211
128668302;41.15116;-8.657143;-0.1510956;0.7182233
1296455176;41.1483;-8.648535;-0.1509454;0.7181734
26016435;41.16162;-8.649414;-0.1509608;0.7184058
26016436;41.16161;-8.649239;-0.1509577;0.7184056
26016438;41.16058;-8.648925;-0.1509522;0.7183877
26016439;41.15997;-8.648699;-0.1509483;0.718377
26016908;41.15193;-8.643605;-0.1508594;0.7182366
26016909;41.15175;-8.644233;-0.1508703;0.7182335
285910998;41.14847;-8.645929;-0.1508999;0.7181763
297880372;41.14865;-8.64888;-0.1509514;0.7181795
314074691;41.15804;-8.653068;-0.1510245;0.7183433
314074695;41.15838;-8.653538;-0.1510327;0.7183493
314074697;41.15866;-8.653987;-0.1510406;0.7183542
314074702;41.1593;-8.655226;-0.1510622;0.7183653
314074704;41.15977;-8.656226;-0.1510797;0.7183736
428214946;41.15612;-8.639311;-0.1507844;0.7183098
428215448;41.15876;-8.654143;-0.1510433;0.7183558
784545874;41.16109;-8.649147;-0.1509561;0.7183966
784545895;41.16214;-8.649214;-0.1509573;0.718415
784545899;41.16054;-8.649081;-0.1509549;0.7183869
784545901;41.16215;-8.649369;-0.15096;0.7184151
506097294;41.15725;-8.643469;-0.150857;0.7183295
503018152;41.15736;-8.643329;-0.1508545;0.7183314
335691896;41.15263;-8.633174;-0.1506773;0.718249
479184900;41.15076;-8.637959;-0.1507608;0.7182162
111465615;41.14967;-8.639114;-0.150781;0.7181972
111464007;41.15132;-8.644598;-0.1508767;0.7182261
111464009;41.15156;-8.64446;-0.1508743;0.7182302
129786477;41.15122;-8.638868;-0.1507767;0.7182243
129786479;41.1514;-8.640631;-0.1508075;0.7182274
111461658;41.15111;-8.639651;-0.1507904;0.7182224
111461662;41.15114;-8.639077;-0.1507803;0.7182229
111461657;41.15105;-8.639902;-0.1507947;0.7182212
111461660;41.15114;-8.639395;-0.1507859;0.7182229
111463999;41.14983;-8.643656;-0.1508602;0.7182001
111463992;41.14931;-8.641045;-0.1508147;0.718191
111463998;41.14954;-8.643033;-0.1508494;0.718195
111464004;41.15066;-8.644481;-0.1508746;0.7182145
111463995;41.14932;-8.642195;-0.1508348;0.7181911
111464578;41.15095;-8.644746;-0.1508793;0.7182195
111464581;41.15122;-8.644799;-0.1508802;0.7182243
111464591;41.15342;-8.644803;-0.1508803;0.7182627
111464588;41.15277;-8.644736;-0.1508791;0.7182514
111465596;41.14976;-8.643724;-0.1508615;0.7181988
111465600;41.14942;-8.642963;-0.1508482;0.7181928
111465604;41.1492;-8.641562;-0.1508237;0.7181891
111465599;41.14953;-8.643263;-0.1508534;0.7181948
111465602;41.1493;-8.642537;-0.1508407;0.7181908
111465613;41.14952;-8.639589;-0.1507893;0.7181945
111465608;41.14924;-8.640907;-0.1508123;0.7181898
111465603;41.14921;-8.641926;-0.1508301;0.7181892
111465606;41.14921;-8.641249;-0.1508182;0.7181892
111465610;41.14933;-8.640446;-0.1508042;0.7181912
111465594;41.15003;-8.644084;-0.1508677;0.7182035
111465591;41.1503;-8.644361;-0.1508726;0.7182083
26016464;41.15031;-8.641046;-0.1508147;0.7182085
26016459;41.15114;-8.641862;-0.1508289;0.7182229
26016461;41.15072;-8.641464;-0.150822;0.7182155
26016463;41.1501;-8.641091;-0.1508155;0.7182048
26016458;41.15185;-8.642632;-0.1508424;0.7182353
26016462;41.15082;-8.641351;-0.15082;0.7182173
26016893;41.15308;-8.644742;-0.1508792;0.7182568
26016895;41.15167;-8.644795;-0.1508801;0.7182321
111460005;41.15007;-8.640843;-0.1508112;0.7182041
111460003;41.15042;-8.640732;-0.1508092;0.7182104
111460004;41.15025;-8.640806;-0.1508105;0.7182073
1110673706;41.15104;-8.637616;-0.1507548;0.7182211
111464010;41.15187;-8.643938;-0.1508652;0.7182357
111464012;41.1519;-8.643267;-0.1508535;0.7182361
129784803;41.15149;-8.64151;-0.1508228;0.718229
129784804;41.15151;-8.641809;-0.150828;0.7182294
428215439;41.15622;-8.652515;-0.1510149;0.7183116
428215438;41.15632;-8.652346;-0.1510119;0.7183133
126397455;41.1566;-8.645556;-0.1508934;0.7183181
1594649006;41.14907;-8.643367;-0.1508552;0.7181867
1594649025;41.14872;-8.642831;-0.1508459;0.7181807
1594649023;41.14872;-8.636936;-0.150743;0.7181807
1664450313;41.1596;-8.645946;-0.1509002;0.7183704
1664450325;41.15783;-8.645972;-0.1509007;0.7183397
1664450327;41.15765;-8.644513;-0.1508752;0.7183366
1664450329;41.15809;-8.646178;-0.1509043;0.7183442
1664450334;41.15765;-8.644965;-0.1508831;0.7183366
1664450359;41.15766;-8.645091;-0.1508853;0.7183367
1664450362;41.15968;-8.645921;-0.1508998;0.7183719
1664450370;41.15772;-8.64521;-0.1508874;0.7183378
1664450373;41.15784;-8.645591;-0.150894;0.7183399
1664450380;41.15746;-8.645672;-0.1508954;0.7183331
1664450384;41.159;-8.646899;-0.1509169;0.7183601
1664450389;41.15954;-8.646025;-0.1509016;0.7183695
1664450392;41.15921;-8.646773;-0.1509147;0.7183638
1664450397;41.15912;-8.646883;-0.1509166;0.7183622
1664450410;41.15887;-8.64681;-0.1509153;0.7183577
1664454445;41.15722;-8.650116;-0.150973;0.7183291
1664454447;41.15705;-8.650248;-0.1509753;0.718326
1664454451;41.1574;-8.648042;-0.1509368;0.7183322
1664454452;41.15675;-8.650516;-0.15098;0.7183208
1664454454;41.15655;-8.651239;-0.1509926;0.7183173
1664454455;41.15778;-8.647303;-0.1509239;0.7183387
1664454457;41.15802;-8.64859;-0.1509464;0.718343
1664454460;41.15772;-8.648324;-0.1509417;0.7183378
1664454467;41.15664;-8.650843;-0.1509857;0.7183189
1664454468;41.15699;-8.647678;-0.1509305;0.718325
1664454469;41.15689;-8.647662;-0.1509302;0.7183232
1664454475;41.15688;-8.65035;-0.1509771;0.7183231
1664454482;41.1568;-8.647716;-0.1509311;0.7183217
1725588075;41.1617;-8.656295;-0.1510808;0.7184072
2303963075;41.15032;-8.641536;-0.1508233;0.7182086
2303963043;41.14948;-8.641225;-0.1508178;0.7181938
2303963059;41.14975;-8.641256;-0.1508184;0.7181986
2303963061;41.15012;-8.641404;-0.150821;0.718205
2303987798;41.15022;-8.641273;-0.1508187;0.7182068
2303987796;41.14993;-8.641324;-0.1508196;0.7182018
1788787048;41.15503;-8.648237;-0.1509402;0.7182908
1788787065;41.15512;-8.648298;-0.1509413;0.7182924
1788785663;41.14869;-8.63694;-0.150743;0.7181802
1788785687;41.14878;-8.645866;-0.1508988;0.7181817
1788785694;41.14889;-8.64913;-0.1509558;0.7181836
1788785725;41.1491;-8.638993;-0.1507789;0.7181873
1788785746;41.14959;-8.650779;-0.1509846;0.7181958
1788785804;41.15047;-8.655901;-0.151074;0.7182111
1788785808;41.1505;-8.655823;-0.1510726;0.7182117
1788785811;41.15054;-8.655912;-0.1510742;0.7182123
1788785832;41.15059;-8.655734;-0.1510711;0.7182132
1788785837;41.1507;-8.656549;-0.1510853;0.7182152
1788785838;41.15072;-8.656006;-0.1510758;0.7182155
1788785842;41.15076;-8.655822;-0.1510726;0.7182162
1788785844;41.15084;-8.65672;-0.1510883;0.7182176
1788785847;41.15091;-8.656059;-0.1510767;0.7182189
1788785850;41.15093;-8.655869;-0.1510734;0.7182192
1788785851;41.15093;-8.656922;-0.1510918;0.7182192
1788785866;41.15097;-8.657119;-0.1510952;0.71822
1788785868;41.15099;-8.657711;-0.1511056;0.7182202
1788785870;41.151;-8.657419;-0.1511005;0.7182204
1788785879;41.15111;-8.655869;-0.1510734;0.7182223
1788785883;41.15112;-8.656059;-0.1510767;0.7182226
1788785907;41.15127;-8.655821;-0.1510726;0.7182252
1788785916;41.15132;-8.656003;-0.1510758;0.718226
1788785927;41.15139;-8.65575;-0.1510713;0.7182272
1788785933;41.15145;-8.655342;-0.1510642;0.7182282
1788785936;41.15148;-8.655258;-0.1510628;0.7182288
1788785940;41.15149;-8.655895;-0.1510739;0.7182291
1788785944;41.15152;-8.655149;-0.1510608;0.7182295
1788785971;41.15162;-8.655022;-0.1510586;0.7182313
1788785978;41.15164;-8.655522;-0.1510674;0.7182316
1788785991;41.1517;-8.655734;-0.1510711;0.7182327
1788786007;41.15175;-8.655211;-0.1510619;0.7182335
1788786017;41.1518;-8.655818;-0.1510725;0.7182344
1788786033;41.15186;-8.655163;-0.1510611;0.7182354
1788786111;41.15209;-8.655139;-0.1510607;0.7182395
1788786173;41.15219;-8.654597;-0.1510512;0.7182413
1788786201;41.15225;-8.65493;-0.151057;0.7182423
1788786202;41.15229;-8.654768;-0.1510542;0.7182429
1788786321;41.15266;-8.655031;-0.1510588;0.7182494
1788786340;41.15287;-8.65519;-0.1510615;0.7182531
1788786352;41.15304;-8.649985;-0.1509707;0.7182561
1788786354;41.15306;-8.649776;-0.1509671;0.7182564
1788786356;41.15306;-8.649891;-0.1509691;0.7182564
1788786364;41.15312;-8.649947;-0.1509701;0.7182574
1788786372;41.15319;-8.658186;-0.1511139;0.7182587
1788786376;41.15321;-8.649898;-0.1509692;0.7182589
1788786378;41.15321;-8.659522;-0.1511372;0.7182589
1788786382;41.15325;-8.654856;-0.1510557;0.7182598
1788786383;41.15325;-8.659099;-0.1511298;0.7182598
1788786391;41.1533;-8.657968;-0.15111;0.7182606
1788786392;41.1534;-8.655407;-0.1510653;0.7182623
1788786413;41.15372;-8.650475;-0.1509793;0.718268
1788786429;41.15406;-8.648375;-0.1509426;0.7182738
1788786432;41.15413;-8.657675;-0.1511049;0.718275
1788786434;41.15415;-8.648164;-0.1509389;0.7182754
1788786435;41.15419;-8.647493;-0.1509272;0.718276
1788786436;41.1542;-8.646843;-0.1509159;0.7182763
1788786437;41.15422;-8.649778;-0.1509671;0.7182766
1788786438;41.15422;-8.649494;-0.1509622;0.7182767
1788786440;41.15425;-8.646383;-0.1509079;0.7182771
1788786441;41.15427;-8.646852;-0.150916;0.7182775
1788786443;41.15431;-8.657688;-0.1511052;0.7182782
1788786446;41.15451;-8.643942;-0.1508652;0.7182816
1788786455;41.1547;-8.662339;-0.1511863;0.718285
1788786461;41.15479;-8.658015;-0.1511109;0.7182866
1788787207;41.15594;-8.65903;-0.1511286;0.7183067
1788787231;41.15604;-8.659333;-0.1511339;0.7183084
1840161050;41.14954;-8.652731;-0.1510186;0.7181949
1840161051;41.14977;-8.652541;-0.1510153;0.7181989
1840161054;41.15058;-8.651073;-0.1509897;0.7182131
1840161055;41.15102;-8.650324;-0.1509766;0.7182208
1840161056;41.15112;-8.64994;-0.1509699;0.7182224
1840161058;41.15118;-8.651793;-0.1510023;0.7182236
1840161060;41.1514;-8.652221;-0.1510097;0.7182274
1840161062;41.15213;-8.650895;-0.1509866;0.7182401
1840161063;41.15221;-8.650679;-0.1509828;0.7182415
1840161065;41.15259;-8.648782;-0.1509497;0.7182482
1840161076;41.15273;-8.648619;-0.1509469;0.7182507
1840161078;41.15426;-8.648067;-0.1509372;0.7182774
1840161080;41.15428;-8.648464;-0.1509442;0.7182776
1840161082;41.15429;-8.648736;-0.1509489;0.7182779
1840161084;41.15434;-8.649105;-0.1509554;0.7182787
1840161086;41.15443;-8.648192;-0.1509394;0.7182803
1840161088;41.15469;-8.647998;-0.150936;0.7182849
1840161089;41.1548;-8.647901;-0.1509343;0.7182868
1840161090;41.15483;-8.648008;-0.1509362;0.7182872
1840161091;41.15486;-8.648893;-0.1509517;0.7182878
1840161092;41.1549;-8.647938;-0.150935;0.7182885
1840161093;41.15491;-8.647774;-0.1509321;0.7182887
1840161094;41.15492;-8.648995;-0.1509534;0.7182888
1840161095;41.15496;-8.648913;-0.150952;0.7182895
1840161096;41.15502;-8.649003;-0.1509536;0.7182906
1840161097;41.15517;-8.649101;-0.1509553;0.7182932
1840161098;41.1552;-8.649296;-0.1509587;0.7182938
1840161099;41.15526;-8.649205;-0.1509571;0.7182947
1840161100;41.15536;-8.64912;-0.1509556;0.7182966
2303963033;41.15061;-8.6405;-0.1508052;0.7182136
2066725798;41.15098;-8.657214;-0.1510969;0.7182201
2066725801;41.15107;-8.657032;-0.1510937;0.7182216
2080615864;41.14994;-8.659396;-0.151135;0.7182019
2080615865;41.14986;-8.659525;-0.1511372;0.7182006
2080615869;41.15001;-8.659619;-0.1511389;0.7182031
2080615878;41.14995;-8.659619;-0.1511389;0.7182022
2080615879;41.14971;-8.65977;-0.1511415;0.7181979
2581829281;41.15201;-8.651908;-0.1510043;0.7182381
2581828844;41.15157;-8.652106;-0.1510077;0.7182304
2581828845;41.15165;-8.651714;-0.1510009;0.7182319
2581828846;41.15177;-8.651439;-0.1509961;0.7182338
2581829007;41.15179;-8.653041;-0.1510241;0.7182342
2581829008;41.15144;-8.652191;-0.1510092;0.7182282
2581829009;41.15187;-8.652263;-0.1510105;0.7182356
2581829743;41.14977;-8.652532;-0.1510152;0.718199
2102534741;41.15176;-8.65134;-0.1509944;0.7182337
2106234991;41.15522;-8.638698;-0.1507737;0.7182941
2106234992;41.15594;-8.638416;-0.1507688;0.7183067
2102534740;41.15087;-8.65064;-0.1509822;0.7182181
2178845902;41.15425;-8.648327;-0.1509418;0.7182771
2178845906;41.15424;-8.648373;-0.1509426;0.718277
2178845900;41.15417;-8.648365;-0.1509424;0.7182757
2349179669;41.15848;-8.642565;-0.1508412;0.718351
2349179672;41.15919;-8.641673;-0.1508256;0.7183635
2585478033;41.15286;-8.661471;-0.1511712;0.7182529
2418390672;41.15194;-8.638762;-0.1507748;0.7182367
2418390673;41.15253;-8.639706;-0.1507913;0.7182472
2418390675;41.15247;-8.640173;-0.1507995;0.718246
2418390677;41.15197;-8.639448;-0.1507868;0.7182375
2418390678;41.152;-8.638665;-0.1507732;0.7182379
2418390679;41.15299;-8.638199;-0.150765;0.7182552
2418390681;41.15194;-8.639014;-0.1507792;0.7182369
2418390682;41.15202;-8.640157;-0.1507992;0.7182383
2418390685;41.15199;-8.639975;-0.150796;0.7182378
2418390686;41.15249;-8.639111;-0.1507809;0.7182465
2418390687;41.15231;-8.63851;-0.1507704;0.7182434
2418390688;41.15237;-8.640221;-0.1508003;0.7182443
2418390689;41.15213;-8.640204;-0.1508;0.7182403
2418390690;41.15252;-8.640018;-0.1507968;0.718247
2454206546;41.15242;-8.635399;-0.1507161;0.7182452
2455922254;41.15689;-8.654633;-0.1510518;0.7183232
2455922255;41.15694;-8.653632;-0.1510344;0.7183241
2455922256;41.15672;-8.654711;-0.1510532;0.7183203
2455922257;41.15694;-8.653107;-0.1510252;0.7183241
2455922258;41.15683;-8.6547;-0.151053;0.7183221
2455922259;41.15692;-8.65452;-0.1510499;0.7183237
2455922260;41.15693;-8.654402;-0.1510478;0.718324
2455922262;41.15694;-8.653956;-0.15104;0.7183241
2455922954;41.15638;-8.653774;-0.1510369;0.7183143
2455922955;41.15632;-8.653796;-0.1510372;0.7183133
2455922956;41.15636;-8.654249;-0.1510451;0.7183139
2455922957;41.15694;-8.65378;-0.1510369;0.7183241
2455922958;41.15631;-8.65416;-0.1510436;0.7183132
2455922959;41.1563;-8.654091;-0.1510424;0.7183129
2455922960;41.1563;-8.65386;-0.1510383;0.718313
1788785986;41.1517;-8.655361;-0.1510645;0.7182326
2066725803;41.15138;-8.65664;-0.1510869;0.718227
2303963077;41.15038;-8.641523;-0.150823;0.7182096
2303963079;41.15042;-8.641425;-0.1508213;0.7182103
2303987797;41.14999;-8.64127;-0.1508186;0.7182028
2572790759;41.15038;-8.641324;-0.1508196;0.7182096
3092563532;41.15082;-8.644563;-0.1508761;0.7182173
3015219539;41.15267;-8.652547;-0.1510154;0.7182496
3015219540;41.15335;-8.652565;-0.1510157;0.7182614
3015219541;41.15334;-8.653219;-0.1510272;0.7182612
3015219542;41.15226;-8.653201;-0.1510268;0.7182424
3015219543;41.15223;-8.653171;-0.1510263;0.718242
3015219544;41.15224;-8.652584;-0.1510161;0.7182421
3015219545;41.15226;-8.652429;-0.1510134;0.7182423
3015219546;41.15236;-8.652262;-0.1510105;0.7182441
3015219547;41.15246;-8.65209;-0.1510075;0.718246
3015219548;41.15252;-8.651948;-0.151005;0.718247
3015219549;41.15257;-8.651899;-0.1510041;0.7182478
3015219550;41.15275;-8.651884;-0.1510039;0.718251
3015219551;41.15301;-8.651895;-0.151004;0.7182555
3015219552;41.15304;-8.651841;-0.1510031;0.718256
3015219553;41.15305;-8.651734;-0.1510012;0.7182563
3015219554;41.15262;-8.652128;-0.1510081;0.7182487
3015219555;41.15295;-8.652126;-0.1510081;0.7182544
3015219556;41.15318;-8.652129;-0.1510081;0.7182585
3015219557;41.15325;-8.652161;-0.1510087;0.7182598
3015219558;41.15331;-8.65227;-0.1510106;0.7182608
3015219559;41.15334;-8.652381;-0.1510125;0.7182614
3055623009;41.15697;-8.643562;-0.1508586;0.7183247
3092548265;41.14932;-8.638659;-0.150773;0.7181911
3092548267;41.14943;-8.6388;-0.1507755;0.7181931
3092548270;41.14989;-8.638555;-0.1507712;0.718201
3092548271;41.14972;-8.638746;-0.1507746;0.718198
3092548272;41.14956;-8.638815;-0.1507758;0.7181954
3092548273;41.14926;-8.638499;-0.1507703;0.7181901
3092548268;41.14914;-8.637889;-0.1507596;0.718188
3092563534;41.1497;-8.643423;-0.1508562;0.7181978
3092563535;41.15041;-8.641257;-0.1508184;0.7182102
3092563538;41.15092;-8.641634;-0.150825;0.718219
3092563539;41.14925;-8.642251;-0.1508357;0.7181898
3092563540;41.15147;-8.642056;-0.1508323;0.7182287
3149005233;41.15659;-8.648196;-0.1509395;0.718318
3149005234;41.1563;-8.647981;-0.1509357;0.718313
3149005235;41.15627;-8.647504;-0.1509274;0.7183124
3149005236;41.15707;-8.647751;-0.1509317;0.7183264
3149005237;41.15722;-8.647426;-0.1509261;0.7183291
3149005238;41.1569;-8.647153;-0.1509213;0.7183235
3149005243;41.15657;-8.652462;-0.151014;0.7183177
3149005244;41.15601;-8.655074;-0.1510595;0.7183079
3149005245;41.15608;-8.65506;-0.1510593;0.718309
3149005246;41.14872;-8.656221;-0.1510796;0.7181806
3149005247;41.14883;-8.656354;-0.1510819;0.7181825
3149005248;41.14892;-8.656627;-0.1510866;0.7181841
3149005249;41.14896;-8.657097;-0.1510948;0.7181848
3149005250;41.14897;-8.657702;-0.1511054;0.7181849
3149005251;41.149;-8.658237;-0.1511147;0.7181855
3231579979;41.15694;-8.648687;-0.1509481;0.7183242
2455922261;41.15694;-8.654288;-0.1510458;0.7183241
3313152683;41.15235;-8.637589;-0.1507544;0.718244
3313152706;41.15134;-8.637785;-0.1507578;0.7182264
3313152712;41.15258;-8.64155;-0.1508235;0.718248
3313152713;41.15226;-8.641524;-0.1508231;0.7182423
3396198965;41.16075;-8.65809;-0.1511122;0.7183906
3396198603;41.14888;-8.654273;-0.1510456;0.7181835
3396198605;41.1489;-8.654238;-0.1510449;0.7181837
3396198608;41.14955;-8.641739;-0.1508268;0.7181951
3396198609;41.14956;-8.641815;-0.1508281;0.7181953
3396198610;41.14957;-8.641992;-0.1508312;0.7181955
3396198618;41.14983;-8.643168;-0.1508517;0.7182001
3396198619;41.14986;-8.642702;-0.1508436;0.7182006
3396198620;41.1499;-8.643394;-0.1508557;0.7182013
3396198621;41.14996;-8.642501;-0.1508401;0.7182022
3396198623;41.14997;-8.643507;-0.1508577;0.7182025
3396198631;41.15009;-8.642348;-0.1508374;0.7182046
3396198637;41.15026;-8.64226;-0.1508359;0.7182075
3396198646;41.15044;-8.642242;-0.1508356;0.7182106
3396198654;41.15061;-8.6423;-0.1508366;0.7182137
3396198660;41.15087;-8.6443;-0.1508715;0.7182181
3396198665;41.15105;-8.64435;-0.1508724;0.7182212
3396198671;41.15122;-8.644325;-0.1508719;0.7182243
3396198675;41.15137;-8.656672;-0.1510874;0.7182269
3396198677;41.15139;-8.64423;-0.1508703;0.7182272
3396198680;41.15148;-8.643066;-0.15085;0.7182288
3396198683;41.15152;-8.644072;-0.1508675;0.7182295
3396198686;41.15155;-8.643176;-0.1508519;0.7182301
3396198687;41.15161;-8.643867;-0.1508639;0.718231
3396198688;41.15163;-8.643399;-0.1508558;0.7182314
3396198689;41.15165;-8.643635;-0.1508599;0.7182317
3396198794;41.15268;-8.641838;-0.1508285;0.7182498
3531679280;41.15105;-8.642687;-0.1508433;0.7182212
3531679281;41.15126;-8.642262;-0.1508359;0.7182249
3531679282;41.15104;-8.641973;-0.1508309;0.7182211
3531679283;41.1507;-8.641645;-0.1508252;0.7182151
3540014386;41.15725;-8.64531;-0.1508891;0.7183296
3545879709;41.15718;-8.645423;-0.1508911;0.7183282
3545879710;41.15705;-8.645455;-0.1508917;0.718326
3545879711;41.15686;-8.645546;-0.1508932;0.7183227
3540014385;41.15706;-8.645349;-0.1508898;0.7183263
3540014383;41.15691;-8.645415;-0.150891;0.7183236
3774692566;41.15241;-8.638137;-0.1507639;0.718245
3774692567;41.15249;-8.638426;-0.150769;0.7182465
3774692568;41.1525;-8.640784;-0.1508101;0.7182466
3774692569;41.15252;-8.640468;-0.1508046;0.7182469
3774692570;41.15253;-8.640353;-0.1508026;0.7182471
3774692571;41.15253;-8.640277;-0.1508013;0.7182472
3774692572;41.15254;-8.640224;-0.1508004;0.7182473
3774692573;41.15255;-8.639574;-0.150789;0.7182475
3897692191;41.15694;-8.653265;-0.151028;0.7183241
3897692195;41.15706;-8.653401;-0.1510303;0.7183263
3897692196;41.15707;-8.654154;-0.1510435;0.7183264
4013074576;41.15351;-8.640437;-0.1508041;0.7182643
4108118899;41.14883;-8.637507;-0.1507529;0.7181826
4108129696;41.149;-8.644056;-0.1508672;0.7181855
4108129697;41.14897;-8.643996;-0.1508662;0.7181849
